01000,北海道,43.06461470000001,141.3468074
01100,札幌市,43.0620958,141.3543763
01202,函館市,41.7687933,140.7288103
01203,小樽市,43.1907173,140.9946621
01204,旭川市,43.7706355,142.364819
01205,室蘭市,42.3152306,140.9737991
01206,釧路市,42.9960452,144.466032
01207,帯広市,42.9238989,143.1961031
01208,北見市,43.8040314,143.8958758
01209,夕張市,43.0567343,141.9738961
01210,岩見沢市,43.1962055,141.7759331
01211,網走市,44.0206319,144.2733983
01212,留萌市,43.9409868,141.6370119
01213,苫小牧市,42.6343021,141.6053721
01214,稚内市,45.4156641,141.6730822
01215,美唄市,43.3328813,141.8537848
01216,芦別市,43.51816609999999,142.1894364
01217,江別市,43.1037445,141.5362468
01218,赤平市,43.558074,142.044211
01219,紋別市,44.3564842,143.3545032
01220,士別市,44.1787338,142.4004035
01221,名寄市,44.35593799999999,142.4631673
01222,三笠市,43.24543509999999,141.8753272
01223,根室市,43.3300759,145.5827903
01224,千歳市,42.8209577,141.650876
01225,滝川市,43.5577948,141.9101895
01226,砂川市,43.49484289999999,141.903465
01227,歌志内市,43.5213525,142.0345679
01228,深川市,43.7232603,142.053538
01229,富良野市,43.3421398,142.3832254
01230,登別市,42.4127597,141.1066316
01231,恵庭市,42.8825618,141.5778154
01233,伊達市,42.4718507,140.8646786
01234,北広島市,34.6745579,132.5384161
01235,石狩市,43.1713843,141.3155196
01236,北斗市,41.8240597,140.6529028
01303,当別町,43.2236829,141.5170721
01304,新篠津村,43.2254238,141.649216
01331,松前町,41.43003650000001,140.1104346
01332,福島町,34.394874,132.433976
01333,知内町,41.5983562,140.4189627
01334,木古内町,41.6782638,140.4375681
01337,七飯町,41.8957197,140.6942803
01343,鹿部町,42.038487,140.8159391
01345,森町,42.1047951,140.5763236
01346,八雲町,42.2559987,140.2652814
01347,長万部町,42.5136882,140.3806331
01361,江差町,41.8691558,140.12746
01362,上ノ国町,41.8010815,140.1213477
01363,厚沢部町,41.9209007,140.2254721
01364,乙部町,41.9685007,140.1357194
01367,奥尻町,42.172278,139.5140079
01370,今金町,42.4294224,140.0088777
01371,せたな町,42.4171613,139.8829876
01391,島牧村,42.70052039999999,140.0614601
01392,寿都町,42.7909787,140.2289801
01393,黒松内町,42.6678643,140.3075397
01394,蘭越町,42.8090753,140.528312
01395,ニセコ町,42.8047045,140.6874931
01396,真狩村,42.7629713,140.8037439
01397,留寿都村,42.7373599,140.8755913
01398,喜茂別町,42.7954722,140.9345
01399,京極町,42.8582077,140.8840876
01400,倶知安町,42.9018294,140.7586977
01401,共和町,42.980398,140.6111865
01402,岩内町,42.9786796,140.5091507
01403,泊村,43.0633549,140.4988595
01404,神恵内村,43.1438128,140.4307422
01405,積丹町,43.2988532,140.5981929
01406,古平町,43.2653602,140.6388197
01407,仁木町,43.1516914,140.7661297
01408,余市町,43.1952319,140.7834674
01409,赤井川村,43.0834898,140.8134806
01423,南幌町,43.0637267,141.650069
01424,奈井江町,43.425106,141.8827879
01425,上砂川町,43.4826077,141.9840843
01427,由仁町,42.9996052,141.790338
01428,長沼町,43.0103533,141.6952515
01429,栗山町,43.0563094,141.7842552
01430,月形町,43.3384362,141.6694511
01431,浦臼町,43.4303222,141.8188366
01432,新十津川町,43.5485474,141.8770323
01433,妹背牛町,43.7001121,141.9617108
01434,秩父別町,43.7670133,141.9579579
01436,雨竜町,43.64392429999999,141.8889902
01437,北竜町,43.7313559,141.8790224
01438,沼田町,43.80680230000001,141.9332716
01439,幌加内町,44.0098542,142.1539333
01452,鷹栖町,43.8433526,142.354451
01453,東神楽町,43.6966257,142.4514372
01454,当麻町,43.8281765,142.5083656
01455,比布町,43.8750755,142.4775519
01456,愛別町,43.9065035,142.5779733
01457,上川町,43.8471803,142.7704314
01458,東川町,43.6989744,142.5103168
01459,美瑛町,43.5881869,142.4669716
01460,上富良野町,43.4556612,142.4670726
01461,中富良野町,43.4056706,142.4251364
01462,南富良野町,43.1639794,142.5684878
01463,占冠村,42.9797787,142.3983574
01464,和寒町,44.0230684,142.4133062
01465,剣淵町,44.0956771,142.3612207
01468,下川町,44.3025034,142.6353082
01469,美深町,44.481126,142.3430142
01470,音威子府村,44.7250039,142.2624638
01471,中川町,44.8113458,142.0714383
01481,増毛町,43.8560329,141.5251976
01482,小平町,44.0151075,141.6625752
01483,苫前町,44.30603989999999,141.6530224
01484,羽幌町,44.3606825,141.6972503
01485,初山別村,44.5321541,141.766409
01486,遠別町,44.7221388,141.792369
01487,天塩町,44.8883411,141.7453968
01488,幌延町,45.0177111,141.8493841
01511,猿払村,45.3306162,142.1091918
01512,浜頓別町,45.1236936,142.3599479
01513,中頓別町,44.9698186,142.2867355
01514,枝幸町,44.9387137,142.5814108
01516,豊富町,45.10293290000001,141.7775046
01517,礼文町,45.3032003,141.0478
01518,利尻町,45.18706830000001,141.139627
01519,利尻富士町,45.2477346,141.2143436
01543,美幌町,43.8237818,144.1070416
01544,津別町,43.7064534,144.0250319
01545,斜里町,43.91151259999999,144.6706048
01546,清里町,43.838635,144.593912
01547,小清水町,43.8568519,144.4620255
01549,訓子府町,43.7252549,143.7417302
01550,置戸町,43.6763225,143.586397
01552,佐呂間町,44.0177559,143.7745055
01555,遠軽町,44.0619533,143.527947
01558,上湧別町,44.1484041,143.569858
01559,湧別町,44.1515983,143.5728937
01560,滝上町,44.1922028,143.0775881
01561,興部町,44.4698778,143.1238906
01562,西興部村,44.3288532,142.944392
01563,雄武町,44.5825507,142.9618104
01564,大空町,43.9118502,144.1727093
01571,豊浦町,42.5834471,140.7118317
01575,壮瞥町,42.55228340000001,140.8860143
01578,白老町,42.5512597,141.3559546
01581,厚真町,42.7236623,141.8779349
01584,洞爺湖町,42.5512689,140.7640983
01585,安平町,42.7628151,141.8180174
01586,むかわ町,42.5748066,141.9267503
01601,日高町,42.4802901,142.0743976
01602,平取町,42.58508080000001,142.1285226
01604,新冠町,42.3624055,142.3183321
01607,浦河町,42.1685159,142.7681204
01608,様似町,42.1278525,142.9335495
01609,えりも町,42.01627999999999,143.1484429
01610,新ひだか町,42.3412811,142.3685906
01631,音更町,42.9941431,143.1979595
01632,士幌町,43.1680273,143.2413769
01633,上士幌町,43.2325481,143.2961889
01634,鹿追町,43.09910190000001,142.9890431
01635,新得町,43.0797963,142.8387368
01636,清水町,43.0113563,142.8845401
01637,芽室町,42.9118596,143.0508626
01638,中札内村,42.6976135,143.1324426
01639,更別村,42.65035090000001,143.1878577
01641,大樹町,42.49754,143.2788136
01642,広尾町,42.285838,143.3114957
01643,幕別町,42.9082341,143.3559687
01644,池田町,35.8904722,136.3439071
01645,豊頃町,42.8010515,143.5059188
01646,本別町,43.1247119,143.6105729
01647,足寄町,43.24480090000001,143.5539052
01648,陸別町,43.4689808,143.747243
01649,浦幌町,42.8089273,143.6583957
01661,釧路町,42.9960452,144.466032
01662,厚岸町,43.0518705,144.8473601
01663,浜中町,43.0771446,145.1293689
01664,標茶町,43.3034402,144.6007786
01665,弟子屈町,43.4853479,144.4592208
01667,鶴居村,43.2298868,144.3212155
01668,白糠町,42.9561773,144.0718049
01691,別海町,43.3937874,145.1172711
01692,中標津町,43.5552423,144.9713915
01693,標津町,43.6613871,145.131319
01694,羅臼町,44.0218755,145.1896198
02000,青森県,40.8243077,140.7399984
02201,青森市,40.822072,140.7473647
02202,弘前市,40.6031243,140.4639223
02203,八戸市,40.5122839,141.4883986
02204,黒石市,40.6426318,140.5946454
02205,五所川原市,40.80800199999999,140.44009
02206,十和田市,40.612703,141.2059076
02207,三沢市,40.6831337,141.3689761
02208,むつ市,41.2927457,141.1834755
02209,つがる市,40.808639,140.3800593
02210,平川市,40.5840107,140.5664783
02301,平内町,40.9260308,140.9559199
02303,今別町,41.1817573,140.4816544
02304,蓬田村,40.9717139,140.6559658
02307,外ヶ浜町,41.0431593,140.6322956
02321,鯵ケ沢町,40.779913,140.2086952
02323,深浦町,40.64789529999999,139.927375
02343,西目屋村,40.5767086,140.2962877
02361,藤崎町,40.6560691,140.5028108
02362,大鰐町,40.5181876,140.5678276
02367,田舎館村,40.6312522,140.5501163
02381,板柳町,40.6958936,140.4573242
02384,鶴田町,40.7586045,140.428382
02387,中泊町,40.9651786,140.4398395
02401,野辺地町,40.8644693,141.1287574
02402,七戸町,40.697416,141.1510208
02405,六戸町,40.6095206,141.3249492
02406,横浜町,41.0831467,141.2477932
02408,東北町,40.7278764,141.2578824
02411,六ケ所村,40.9673439,141.3745522
02412,おいらせ町,40.5991069,141.3977968
02423,大間町,41.5267705,140.9074381
02424,東通村,41.2777872,141.3289361
02425,風間浦村,41.4875744,140.9957293
02426,佐井村,41.429706,140.8591288
02441,三戸町,40.3784065,141.2587454
02442,五戸町,40.5312247,141.3077904
02443,田子町,40.3399615,141.1520499
02445,南部町,35.370784,133.3618914
02446,階上町,40.4524888,141.6208514
02450,新郷村,40.4656259,141.1734637
03000,岩手県,39.7036194,141.1526839
03201,盛岡市,39.702053,141.1544838
03202,宮古市,39.6414202,141.9571395
03203,大船渡市,39.0819011,141.70853
03205,花巻市,39.3885784,141.1166453
03206,北上市,39.2867646,141.1131909
03207,久慈市,40.1905242,141.7755826
03208,遠野市,39.3278378,141.5333031
03209,一関市,38.9346819,141.1268004
03210,陸前高田市,39.0276607,141.6254946
03211,釜石市,39.2758183,141.8856772
03213,二戸市,40.2712133,141.3048166
03214,八幡平市,39.9263614,141.0953354
03215,奥州市,39.1445286,141.139141
03301,雫石町,39.6962875,140.9757756
03302,葛巻町,40.0398964,141.4364652
03303,岩手町,39.9725899,141.2125163
03305,滝沢村,41.0305746,140.6319182
03321,紫波町,39.5548291,141.1677603
03322,矢巾町,39.6059807,141.1428887
03366,西和賀町,39.434621,140.7501241
03381,金ケ崎町,39.1957421,141.1163242
03402,平泉町,38.9866623,141.1138219
03422,藤沢町,37.4753032,138.8451572
03441,住田町,39.1419021,141.5760278
03461,大槌町,39.358231,141.8994216
03482,山田町,39.467662,141.9489501
03483,岩泉町,39.8430422,141.7963033
03484,田野畑村,39.9304501,141.8888682
03485,普代村,40.0051671,141.8859081
03487,川井村,30.534461,106.794418
03501,軽米町,40.3267455,141.4606327
03503,野田村,40.1102662,141.8176683
03506,九戸村,40.2113917,141.4189854
03507,洋野町,40.2842629,141.6248331
03524,一戸町,40.213011,141.2954748
04000,宮城県,38.2688373,140.8721
04100,仙台市,38.268215,140.8693558
04202,石巻市,38.4344802,141.3029167
04203,塩竈市,38.3143623,141.0220272
04205,気仙沼市,38.90807849999999,141.5699919
04206,白石市,33.1810352,130.143496
04207,名取市,38.1715199,140.8919132
04208,角田市,37.9770628,140.7819901
04209,多賀城市,38.2938392,141.0042249
04211,岩沼市,38.1042919,140.8701381
04212,登米市,38.6919226,141.1875786
04213,栗原市,38.7301283,141.0213331
04214,東松島市,38.4261675,141.2102416
04215,大崎市,38.57707140000001,140.9553495
04301,蔵王町,38.0981639,140.6584162
04302,七ケ宿町,37.9930633,140.4416118
04321,大河原町,38.0494926,140.730721
04322,村田町,38.1185394,140.7224037
04323,柴田町,38.0565628,140.7657902
04324,川崎町,38.1777367,140.6432024
04341,丸森町,37.9114293,140.7655281
04361,亘理町,38.0374595,140.8525812
04362,山元町,37.9616682,140.8778183
04401,松島町,38.380128,141.0672439
04404,七ケ浜町,38.3046128,141.0591856
04406,利府町,38.3301895,140.9757222
04421,大和町,38.43732869999999,140.8863064
04422,大郷町,38.4242597,141.0044455
04423,富谷町,38.3998148,140.8954076
04424,大衡村,38.4672258,140.8800866
04444,色麻町,38.5489197,140.8498775
04445,加美町,38.5717672,140.8547513
04501,涌谷町,38.5396458,141.1280752
04505,美里町,35.0766904,132.5905591
04581,女川町,38.44973299999999,141.4430881
04603,本吉町,38.6449124,141.4124288
04606,南三陸町,38.6797714,141.4605143
05000,秋田県,39.7186135,140.1023643
05201,秋田市,39.7200079,140.1025642
05202,能代市,40.2121508,140.0266238
05203,横手市,39.311251,140.5531593
05204,大館市,40.271405,140.5642854
05206,男鹿市,39.8868177,139.847558
05207,湯沢市,36.93402469999999,138.8174402
05209,鹿角市,40.2157778,140.7884361
05210,由利本庄市,39.3858766,140.0487906
05211,潟上市,39.8832842,139.9886344
05212,大仙市,39.4530882,140.4754481
05213,北秋田市,40.2260542,140.3707417
05214,にかほ市,39.2030116,139.9077127
05215,仙北市,39.7000694,140.7305881
05303,小坂町,40.3279732,140.7469412
05327,上小阿仁村,40.0632663,140.2957665
05346,藤里町,40.2783599,140.2617039
05348,三種町,40.1016263,140.0047478
05349,八峰町,40.3187235,140.0386481
05361,五城目町,39.9438919,140.1113061
05363,八郎潟町,39.9493824,140.0733184
05366,井川町,39.9141689,140.0812938
05368,大潟村,40.0177915,139.960067
05434,美郷町,35.0766904,132.5905591
05463,羽後町,39.19932319999999,140.4129231
05464,東成瀬村,39.1791829,140.6488899
06000,山形県,38.2404355,140.3636333
06201,山形市,38.2554388,140.3396017
06202,米沢市,37.9222401,140.1167811
06203,鶴岡市,38.7271972,139.8267307
06204,酒田市,38.9144331,139.8365153
06205,新庄市,38.7650154,140.3016084
06206,寒河江市,38.38096350000001,140.2759667
06207,上山市,38.149562,140.2678268
06208,村山市,38.4833438,140.3803719
06209,長井市,38.1074936,140.0405238
06210,天童市,38.3622648,140.3778858
06211,東根市,38.4313543,140.3910903
06212,尾花沢市,38.6006216,140.405691
06213,南陽市,38.0551411,140.1483749
06301,山辺町,38.2891143,140.2621778
06302,中山町,38.33311380000001,140.2830341
06321,河北町,38.426271,140.314284
06322,西川町,38.42649919999999,140.1473472
06323,朝日町,35.0342098,136.664352
06324,大江町,38.3806479,140.2070126
06341,大石田町,38.5938634,140.3726799
06361,金山町,37.453851,139.524298
06362,最上町,38.7583866,140.5193536
06363,舟形町,38.6914442,140.3197762
06364,真室川町,38.8578593,140.2523007
06365,大蔵村,38.7041824,140.2303736
06366,鮭川村,38.7964574,140.2220522
06367,戸沢村,38.7374733,140.1438036
06381,高畠町,38.0027363,140.1891601
06382,川西町,34.5843941,135.7740381
06401,小国町,38.0616273,139.7433643
06402,白鷹町,38.183095,140.0984377
06403,飯豊町,38.0458265,139.9875295
06426,三川町,38.7944865,139.8496959
06428,庄内町,38.8499147,139.9047449
06461,遊佐町,39.0146158,139.9073521
07000,福島県,37.7502986,140.4675514
07201,福島市,37.7608337,140.4747282
07202,会津若松市,37.4947611,139.9298096
07203,郡山市,37.400529,140.3597421
07204,いわき市,37.0504195,140.8876817
07205,白河市,37.126362,140.2109427
07207,須賀川市,37.2928933,140.3569753
07208,喜多方市,37.6511328,139.8747227
07209,相馬市,37.7966242,140.9194697
07210,二本松市,37.5848581,140.4311291
07211,田村市,37.4413495,140.5690784
07212,南相馬市,37.6421608,140.9572757
07213,伊達市,42.4718507,140.8646786
07214,本宮市,37.5131313,140.3938904
07301,桑折町,37.8495365,140.5163522
07303,国見町,37.8770507,140.5424296
07308,川俣町,37.663922,140.597333
07322,大玉村,37.534392,140.3711893
07342,鏡石町,37.25283,140.3434083
07344,天栄村,37.2556061,140.2470738
07362,下郷町,37.25557999999999,139.8721284
07364,檜枝岐村,37.0241455,139.3889446
07367,只見町,37.3488006,139.3160908
07368,南会津町,37.2003948,139.7731988
07402,北塩原村,37.6557147,139.9373744
07405,西会津町,37.5887979,139.6474946
07407,磐梯町,37.557869,139.993185
07408,猪苗代町,37.5577684,140.1047605
07421,会津坂下町,37.5614809,139.8216425
07422,湯川村,37.5658129,139.8868723
07423,柳津町,37.5261598,139.7195424
07444,三島町,37.4703688,139.6444466
07445,金山町,37.453851,139.524298
07446,昭和村,37.3354164,139.6106602
07447,会津美里町,37.4598538,139.8411779
07461,西郷村,37.1416956,140.1553637
07464,泉崎村,37.1570524,140.2952516
07465,中島村,37.1487567,140.3502042
07466,矢吹町,37.2012775,140.3386085
07481,棚倉町,37.0299054,140.3796482
07482,矢祭町,36.8714026,140.424783
07483,塙町,36.9574372,140.4095729
07484,鮫川村,37.0423273,140.5096693
07501,石川町,37.1443297,140.452351
07502,玉川村,36.579227,140.374479
07503,平田村,37.2180108,140.5702157
07504,浅川町,37.0809947,140.4128094
07505,古殿町,37.0890925,140.5556489
07521,三春町,37.4410476,140.4925685
07522,小野町,34.833784,134.918272
07541,広野町,37.2145585,140.994458
07542,楢葉町,37.2825,140.993611
07543,富岡町,37.333056,141.016944
07544,川内村,37.3378793,140.8092809
07545,大熊町,37.404444,140.983611
07546,双葉町,37.449167,141.0125
07547,浪江町,37.483333,141
07548,葛尾村,37.503611,140.764444
07561,新地町,37.8763568,140.9195994
07564,飯舘村,37.67919029999999,140.7352474
08000,茨城県,36.3418112,140.4467935
08201,水戸市,36.3658556,140.4712215
08202,日立市,36.5991539,140.6514693
08203,土浦市,36.0718812,140.1960233
08204,古河市,36.1846451,139.7025248
08205,石岡市,36.1908093,140.2872532
08207,結城市,36.3054165,139.8766414
08208,龍ケ崎市,35.911594,140.1822645
08210,下妻市,36.1845136,139.9673744
08211,常総市,36.0234353,139.9943002
08212,常陸太田市,36.5382746,140.5309497
08214,高萩市,36.719147,140.7166877
08215,北茨城市,36.8019113,140.7509791
08216,笠間市,36.3453,140.3043542
08217,取手市,35.9114415,140.0504684
08219,牛久市,35.9793751,140.1495237
08220,つくば市,36.0834857,140.0766423
08221,ひたちなか市,36.3966149,140.5346762
08222,鹿嶋市,35.9657558,140.6448128
08223,潮来市,35.9471227,140.5553722
08224,守谷市,35.9514207,139.9753912
08225,常陸大宮市,36.5425766,140.41089
08226,那珂市,36.4574688,140.486854
08227,筑西市,36.3070525,139.9831233
08228,坂東市,36.0483995,139.888687
08229,稲敷市,35.9564924,140.3239084
08230,かすみがうら市,36.09452890000001,140.3306914
08231,桜川市,36.3272504,140.0904332
08232,神栖市,35.889966,140.6645134
08233,行方市,35.9904155,140.4890254
08234,鉾田市,36.15864,140.5164611
08235,つくばみらい市,35.9630239,140.0370199
08236,小美玉市,36.2393446,140.3525755
08302,茨城町,36.28692059999999,140.4245143
08309,大洗町,36.3134425,140.5749744
08310,城里町,36.4795744,140.375388
08341,東海村,36.4728795,140.5662985
08364,大子町,36.7680962,140.3552657
08442,美浦村,36.004562,140.3019141
08443,阿見町,36.0307951,140.2147859
08447,河内町,35.8847938,140.2444653
08521,八千代町,32.755221,129.870262
08542,五霞町,36.114113,139.745832
08546,境町,36.277027,139.256565
08564,利根町,35.8577473,140.1391482
09000,栃木県,36.565725,139.8835651
09201,宇都宮市,36.5551124,139.8828072
09202,足利市,36.3401513,139.4496984
09203,栃木市,36.3813638,139.7303175
09204,佐野市,36.308578,139.5931177
09205,鹿沼市,36.56711050000001,139.7450127
09206,日光市,36.7199026,139.6982161
09208,小山市,35.3601074,138.9872985
09209,真岡市,36.4404189,140.0134416
09210,大田原市,36.871484,140.0174187
09211,矢板市,36.8066862,139.924054
09213,那須塩原市,36.961698,140.046066
09214,さくら市,36.6853014,139.9664523
09215,那須烏山市,36.6568934,140.1514256
09216,下野市,36.38719469999999,139.8419671
09301,上三川町,36.4392955,139.9098843
09321,西方町,35.3771448,135.2292904
09341,二宮町,35.2994912,139.2554024
09342,益子町,36.4673531,140.093378
09343,茂木町,36.5321204,140.1875648
09344,市貝町,36.5433083,140.102046
09345,芳賀町,36.5483233,140.0581963
09361,壬生町,36.4270577,139.8039321
09364,野木町,36.2332513,139.7407502
09365,大平町,35.9078525,136.2723436
09366,藤岡町,35.004434,135.7496061
09367,岩舟町,36.3187122,139.6560219
09368,都賀町,36.4405037,139.719305
09384,塩谷町,36.7776128,139.8505699
09386,高根沢町,36.630973,139.9866835
09407,那須町,37.0197314,140.1210169
09411,那珂川町,36.7616607,140.1300723
10000,群馬県,36.3906675,139.0604061
10201,前橋市,36.3894816,139.0634281
10202,高崎市,36.3219088,139.0032936
10203,桐生市,36.4054907,139.3306875
10204,伊勢崎市,36.3113639,139.1967703
10205,太田市,36.2911223,139.3754708
10206,沼田市,43.80680230000001,141.9332716
10207,館林市,36.2448485,139.5419678
10208,渋川市,36.4894706,139.0004482
10209,藤岡市,36.2584765,139.0744386
10210,富岡市,37.333056,141.016944
10211,安中市,36.3263676,138.8873239
10212,みどり市,36.3948381,139.2811346
10303,富士見村,35.740169,139.4526776
10344,榛東村,36.438642,138.9671176
10345,吉岡町,36.4475005,139.009766
10363,吉井町,35.7897766,139.9070176
10366,上野村,36.083143,138.7773756
10367,神流町,36.1160556,138.9169554
10382,下仁田町,36.2123898,138.7890944
10383,南牧村,36.02085580000001,138.4920906
10384,甘楽町,36.2429538,138.9216824
10421,中之条町,36.5898925,138.8409863
10424,長野原町,36.55244560000001,138.6374772
10425,嬬恋村,36.5168739,138.530182
10426,草津町,36.6207784,138.5960529
10427,六合村,22.363454,114.164336
10428,高山村,36.6797676,138.3632554
10429,東吾妻町,36.571347,138.8254716
10443,片品村,36.7724689,139.2252431
10444,川場村,36.6946691,139.1065343
10448,昭和村,37.3354164,139.6106602
10449,みなかみ町,36.6786996,138.9990639
10464,玉村町,36.3044326,139.1149133
10521,板倉町,36.2229523,139.6102711
10522,明和町,36.2112997,139.5342444
10523,千代田町,36.2177535,139.4424346
10524,大泉町,36.2479019,139.4048702
10525,邑楽町,36.2523944,139.4622862
11000,埼玉県,35.8569991,139.6488487
11100,さいたま市,35.8617292,139.6454822
11201,川越市,35.9251006,139.485793
11202,熊谷市,36.1473097,139.3886446
11203,川口市,35.8077379,139.7241712
11206,行田市,36.1389486,139.4556427
11207,秩父市,35.9920551,139.0848169
11208,所沢市,35.7996715,139.4686101
11209,飯能市,35.8557309,139.327734
11210,加須市,36.1314381,139.6017194
11211,本庄市,36.2435676,139.190393
11212,東松山市,36.0421262,139.3999588
11214,春日部市,35.9751984,139.7523007
11215,狭山市,35.8529421,139.4122129
11216,羽生市,36.1726261,139.5484646
11217,鴻巣市,36.0657584,139.5221694
11218,深谷市,36.1974437,139.2814638
11219,上尾市,35.9773805,139.5932055
11221,草加市,35.8253547,139.8054022
11222,越谷市,35.8910841,139.7909377
11223,蕨市,35.825634,139.679708
11224,戸田市,35.8176157,139.6778917
11225,入間市,35.8357657,139.3910576
11226,鳩ケ谷市,35.8294479,139.7405541
11227,朝霞市,35.7972524,139.5939165
11228,志木市,35.8367501,139.5803194
11229,和光市,35.7812079,139.6057934
11230,新座市,35.79351090000001,139.565369
11231,桶川市,36.0029939,139.5582663
11232,久喜市,36.0619954,139.666838
11233,北本市,36.0267679,139.5302112
11234,八潮市,35.822536,139.8391748
11235,富士見市,35.8567586,139.5490737
11237,三郷市,34.6001378,135.6955245
11238,蓮田市,35.9943071,139.6621058
11239,坂戸市,35.9571698,139.4029055
11240,幸手市,36.0780722,139.7258607
11241,鶴ケ島市,35.934515,139.3930979
11242,日高市,33.92573,135.1408832
11243,吉川市,35.8911519,139.841375
11245,ふじみ野市,35.8795383,139.5197639
11301,伊奈町,36.000112,139.6241854
11324,三芳町,35.8283669,139.526432
11326,毛呂山町,35.9415006,139.3160672
11327,越生町,35.9644777,139.294199
11341,滑川町,36.0659869,139.3609167
11342,嵐山町,36.0566545,139.3205421
11343,小川町,35.69504999999999,139.76668
11346,川島町,35.982014,139.4815178
11347,吉見町,36.039853,139.4537276
11348,鳩山町,35.9814657,139.3341007
11349,ときがわ町,36.0086199,139.2968437
11361,横瀬町,35.9872836,139.1000458
11362,皆野町,36.0708398,139.0987543
11363,長瀞町,36.1148031,139.1097173
11365,小鹿野町,36.0171293,139.0085736
11369,東秩父村,36.0581534,139.1946067
11381,美里町,35.0766904,132.5905591
11383,神川町,36.2138763,139.1017757
11385,上里町,36.2516069,139.1448257
11408,寄居町,36.1183484,139.1930115
11421,騎西町,36.1023963,139.5740254
11424,北川辺町,36.1713304,139.6870495
11425,大利根町,36.3621185,139.0590182
11442,宮代町,36.0226816,139.7228851
11445,白岡町,36.0190338,139.6813468
11446,菖蒲町,34.4802073,135.8063421
11461,栗橋町,36.123396,139.7073923
11462,鷲宮町,36.0994469,139.6656771
11464,杉戸町,36.0257648,139.7367092
11465,松伏町,35.9257735,139.8151782
12000,千葉県,35.6050574,140.1233063
12100,千葉市,35.6072668,140.1062907
12202,銚子市,35.7346813,140.8266406
12203,市川市,34.9893678,134.7633166
12204,船橋市,35.6947058,139.982618
12205,館山市,34.9965057,139.8699653
12206,木更津市,35.3759744,139.9168301
12207,松戸市,35.7876491,139.903093
12208,野田市,35.9551921,139.8747636
12210,茂原市,35.4285439,140.2880265
12211,成田市,35.7766076,140.3187806
12212,佐倉市,35.7234861,140.2239639
12213,東金市,35.5599438,140.3660922
12215,旭市,35.7204338,140.6464692
12216,習志野市,35.6830349,140.0243648
12217,柏市,35.8676124,139.9758505
12218,勝浦市,33.9314084,134.5113563
12219,市原市,35.4978377,140.1156648
12220,流山市,35.8563097,139.9026602
12221,八千代市,35.7224684,140.0997724
12222,我孫子市,35.8641227,140.0282255
12223,鴨川市,35.1139867,140.0987111
12224,鎌ケ谷市,35.7767501,140.0007904
12225,君津市,35.3304502,139.9026768
12226,富津市,35.3041204,139.8571048
12227,浦安市,35.6539835,139.9022034
12228,四街道市,35.6698162,140.1679247
12229,袖ケ浦市,35.4298081,139.9544301
12230,八街市,35.665917,140.3179516
12231,印西市,35.83234849999999,140.1458154
12232,白井市,35.7914999,140.0563717
12233,富里市,23.133333,121.283333
12234,南房総市,35.0429906,139.8401276
12235,匝瑳市,35.7079167,140.5642812
12236,香取市,35.89773539999999,140.4992682
12237,山武市,35.6029638,140.4135064
12238,いすみ市,35.25388880000001,140.3850506
12322,酒々井町,35.7248237,140.2695466
12325,印旛村,35.7335536,140.2733735
12328,本埜村,,,

12329,栄町,35.612995,140.118598
12342,神崎町,35.9016024,140.4052846
12347,多古町,35.7354336,140.4677275
12349,東庄町,35.8371504,140.6685809
12402,大網白里町,35.5488537,140.3079968
12403,九十九里町,35.53506220000001,140.44025
12409,芝山町,35.6930556,140.4141935
12410,横芝光町,35.6655675,140.5043095
12421,一宮町,35.3727926,140.3687371
12422,睦沢町,35.361088,140.3192727
12423,長生村,35.4121844,140.3540599
12424,白子町,35.4543403,140.374234
12426,長柄町,35.43112500000001,140.2270591
12427,長南町,35.3864209,140.2370646
12441,大多喜町,35.2851911,140.2454387
12443,御宿町,35.1915057,140.3487955
12463,鋸南町,35.111159,139.8355095
13000,東京都,35.6894875,139.6917064
13101,千代田区,35.6940027,139.7535951
13102,中央区,35.6089318,140.1246365
13103,港区,35.6580681,139.7515992
13104,新宿区,35.6938401,139.7035494
13105,文京区,35.7080677,139.752167
13106,台東区,35.712607,139.7799956
13107,墨田区,35.71072150000001,139.8014968
13108,江東区,35.6728535,139.8174097
13109,品川区,35.6092261,139.7301861
13110,目黒区,35.6414629,139.6981712
13111,大田区,35.5612568,139.7160511
13112,世田谷区,35.6465721,139.6532473
13113,渋谷区,35.6640352,139.6982122
13114,中野区,35.7073985,139.6638354
13115,杉並区,35.6995657,139.6364379
13116,豊島区,35.7324588,139.7154048
13117,北区,35.1942061,136.9115194
13118,荒川区,35.73608,139.783369
13119,板橋区,35.75116480000001,139.7092437
13120,練馬区,35.7356234,139.6516577
13121,足立区,35.7756644,139.8044788
13122,葛飾区,35.7435748,139.8471797
13123,江戸川区,35.7066569,139.8684267
13201,八王子市,35.6663394,139.3158056
13202,立川市,35.7140142,139.4078431
13203,武蔵野市,35.7177841,139.56626
13204,三鷹市,35.683513,139.5595842
13205,青梅市,35.7879958,139.2758298
13206,府中市,34.3924864,132.5045797
13207,昭島市,35.7057552,139.3535483
13208,調布市,35.6506145,139.5406936
13209,町田市,35.546631,139.4386186
13210,小金井市,35.6994733,139.5029916
13211,小平市,44.0151075,141.6625752
13212,日野市,35.2407912,133.4427861
13213,東村山市,35.7545968,139.4684892
13214,国分寺市,35.7103347,139.4631912
13215,国立市,35.6838846,139.4413803
13218,福生市,35.7384505,139.3269322
13219,狛江市,35.6349115,139.5787325
13220,東大和市,35.7453692,139.4265933
13221,清瀬市,35.7857526,139.5264304
13222,東久留米市,35.7580477,139.5297392
13223,武蔵村山市,35.7548614,139.3873993
13224,多摩市,35.6194893,139.5621272
13225,稲城市,35.6379238,139.5045669
13227,羽村市,35.7672215,139.3109437
13228,あきる野市,35.7289201,139.2941195
13229,西東京市,35.7254963,139.5381564
13303,瑞穂町,35.7720361,139.3538462
13305,日の出町,35.44560999999999,139.626746
13307,檜原村,35.726839,139.1488663
13308,奥多摩町,35.8095427,139.0961971
13361,大島町,34.7500396,139.3555791
13362,利島村,34.5293636,139.2825846
13363,新島村,34.3771343,139.2565714
13364,神津島村,34.20526660000001,139.1342549
13381,三宅村,34.07577420000001,139.4797441
13382,御蔵島村,33.8973664,139.5961163
13401,八丈町,33.1127398,139.7890648
13402,青ケ島村,32.4664592,139.7633115
13421,小笠原村,27.0943662,142.1919184
14000,神奈川県,35.4475073,139.6423446
14100,横浜市,41.0831467,141.2477932
14130,川崎市,38.1777367,140.6432024
14201,横須賀市,35.2813412,139.6722005
14203,平塚市,35.335488,139.3493679
14204,鎌倉市,35.3192254,139.5466868
14205,藤沢市,35.3391398,139.4909942
14206,小田原市,35.2645639,139.1521538
14207,茅ケ崎市,35.3338596,139.4047163
14208,逗子市,35.2956059,139.5804228
14209,相模原市,35.5714621,139.3731765
14210,三浦市,35.1441706,139.6207704
14211,秦野市,35.3747359,139.2199432
14212,厚木市,35.4430818,139.3624889
14213,大和市,38.43732869999999,140.8863064
14214,伊勢原市,35.4029686,139.3149729
14215,海老名市,35.4464459,139.3908031
14216,座間市,35.4885872,139.4076731
14217,南足柄市,35.32071450000001,139.0996003
14218,綾瀬市,35.4371752,139.4261482
14301,葉山町,35.2720886,139.5861995
14321,寒川町,35.3729559,139.3838609
14341,大磯町,35.3068498,139.3113138
14342,二宮町,35.2994912,139.2554024
14361,中井町,35.3307172,139.2187741
14362,大井町,35.606249,139.734855
14363,松田町,34.639308,135.5009
14364,山北町,35.3606049,139.083831
14366,開成町,35.3364274,139.1231826
14382,箱根町,35.2323553,139.1069375
14383,真鶴町,35.1584678,139.1371193
14384,湯河原町,35.1479639,139.1083167
14401,愛川町,35.5287956,139.3217168
14402,清川村,35.4823833,139.2763816
15000,新潟県,37.9025518,139.0230946
15100,新潟市,37.9161924,139.0364126
15202,長岡市,37.4462652,138.8512772
15204,三条市,37.6367679,138.961689
15205,柏崎市,37.3718999,138.5589836
15206,新発田市,37.9508856,139.3278923
15208,小千谷市,37.3143385,138.7950996
15209,加茂市,37.6662746,139.0401981
15210,十日町市,37.1275822,138.7557076
15211,見附市,37.5316041,138.9128247
15212,村上市,38.22397900000001,139.4800209
15213,燕市,37.6731518,138.8822296
15216,糸魚川市,37.0390282,137.8626522
15217,妙高市,37.0251963,138.2534728
15218,五泉市,37.7445357,139.1825675
15222,上越市,37.1478477,138.2360802
15223,阿賀野市,37.834501,139.2259831
15224,佐渡市,38.0183525,138.368082
15225,魚沼市,37.2441239,138.924361
15226,南魚沼市,37.1614277,138.9254479
15227,胎内市,38.0597108,139.4103418
15307,聖籠町,37.9745969,139.2743358
15342,弥彦村,37.6910655,138.855249
15361,田上町,37.6988262,139.0579819
15385,阿賀町,37.6754853,139.4587799
15405,出雲崎町,37.5307069,138.7093026
15441,川口町,39.1487588,141.1403019
15461,湯沢町,36.93402469999999,138.8174402
15482,津南町,37.0142742,138.6526221
15504,刈羽村,37.4223587,138.6224417
15581,関川村,38.0893756,139.5649177
15586,粟島浦村,38.468267,139.2544392
16000,富山県,36.6952907,137.2113383
16201,富山市,36.6959518,137.2136768
16202,高岡市,36.7540964,137.0257282
16204,魚津市,36.8273674,137.4092146
16205,氷見市,36.8573397,136.9865392
16206,滑川市,36.0659869,139.3609167
16207,黒部市,36.8736745,137.4490245
16208,砺波市,36.6475336,136.9620085
16209,小矢部市,36.6755751,136.8686222
16210,南砺市,36.5575131,136.8753356
16211,射水市,36.7824552,137.0796145
16321,舟橋村,36.7035313,137.3073768
16322,上市町,36.698414,137.3623804
16323,立山町,36.6635222,137.3136968
16342,入善町,36.9335108,137.5020445
16343,朝日町,35.0342098,136.664352
17000,石川県,36.5946816,136.6255726
17201,金沢市,35.3372503,139.6244082
17202,七尾市,37.043102,136.9675177
17203,小松市,36.4083514,136.445571
17204,輪島市,37.3905901,136.8991957
17205,珠洲市,37.4363473,137.2604364
17206,加賀市,36.3026243,136.3146271
17207,羽咋市,36.8935987,136.7789962
17209,かほく市,36.7198261,136.7067268
17210,白山市,41.926941,126.411263
17211,能美市,36.4469409,136.5542417
17324,川北町,36.4686296,136.5423036
17344,野々市町,36.5318252,136.5962029
17361,津幡町,36.6686933,136.7284416
17365,内灘町,36.6534936,136.6450863
17384,志賀町,37.0237285,136.7658995
17386,宝達志水町,36.8627731,136.797529
17407,中能登町,36.9888836,136.9018324
17461,穴水町,37.230995,136.9124745
17463,能登町,37.3532156,137.2445214
18000,福井県,36.0651779,136.2215269
18201,福井市,36.0640669,136.2194938
18202,敦賀市,35.6452443,136.0554408
18204,小浜市,35.4955931,135.7466439
18205,大野市,35.4706138,136.6275516
18206,勝山市,36.060945,136.5005841
18207,鯖江市,35.9565532,136.1844742
18208,あわら市,36.2113529,136.2290254
18209,越前市,35.974208,136.1297425
18210,坂井市,36.1669252,136.2314572
18322,永平寺町,36.0922564,136.2987065
18382,池田町,35.8904722,136.3439071
18404,南越前町,35.8351641,136.1944655
18423,越前町,35.974208,136.1297425
18442,美浜町,34.7788148,136.9082366
18481,高浜町,35.4904281,135.5509901
18483,おおい町,35.4811656,135.6178284
18501,若狭町,35.4618879,135.857211
19000,山梨県,35.6641575,138.5684486
19201,甲府市,35.66228,138.5682015
19202,富士吉田市,35.4874967,138.8078541
19204,都留市,35.5516801,138.9054727
19205,山梨市,35.6933937,138.6869138
19206,大月市,35.6104852,138.9400276
19207,韮崎市,35.708897,138.4461267
19208,南アルプス市,35.6083275,138.464966
19209,北杜市,35.7765303,138.4237811
19210,甲斐市,35.686259,138.4872571
19211,笛吹市,35.6473601,138.6397857
19212,上野原市,35.6302591,139.1085986
19213,甲州市,35.7043159,138.7294044
19214,中央市,35.6089318,140.1246365
19346,市川三郷町,35.5653032,138.5023694
19361,増穂町,39.0217396,139.8874876
19362,鰍沢町,35.5492682,138.4603144
19364,早川町,35.4127085,138.3631974
19365,身延町,35.4674943,138.4424601
19366,南部町,35.370784,133.3618914
19384,昭和町,35.6279255,138.5351422
19422,道志村,35.5279563,139.033379
19423,西桂町,35.5240685,138.8468914
19424,忍野村,35.460098,138.8478614
19425,山中湖村,35.4106445,138.8609166
19429,鳴沢村,35.4813922,138.7063623
19430,富士河口湖町,35.4973137,138.7550838
19442,小菅村,35.760124,138.9401611
19443,丹波山村,35.7897122,138.9222313
20000,長野県,36.6512986,138.1809557
20201,長野市,36.6485496,138.1942432
20202,松本市,36.2380381,137.9720341
20203,上田市,36.4019115,138.2488888
20204,岡谷市,36.0670115,138.0493255
20205,飯田市,35.5146999,137.8218215
20206,諏訪市,36.0391417,138.1141816
20207,須坂市,36.6510973,138.3071917
20208,小諸市,36.3268108,138.4260135
20209,伊那市,35.827481,137.9540801
20210,駒ケ根市,35.728814,137.9337821
20211,中野市,36.742044,138.3694503
20212,大町市,33.2137535,130.1160837
20213,飯山市,36.8517445,138.3654952
20214,茅野市,35.9955706,138.158893
20215,塩尻市,36.1149723,137.953449
20217,佐久市,36.2488683,138.4768306
20218,千曲市,36.5338965,138.1201078
20219,東御市,36.3594773,138.3302472
20220,安曇野市,36.3029426,137.899632
20303,小海町,36.0950968,138.483472
20304,川上村,34.3381073,135.9543248
20305,南牧村,36.02085580000001,138.4920906
20306,南相木村,36.0359852,138.5469897
20307,北相木村,36.0591688,138.5508833
20309,佐久穂町,36.1611062,138.4835437
20321,軽井沢町,36.3482902,138.596955
20323,御代田町,36.3211831,138.5087842
20324,立科町,36.2720697,138.3159721
20349,青木村,36.3703459,138.1288396
20350,長和町,36.2558541,138.267866
20361,下諏訪町,36.0695593,138.0801699
20362,富士見町,35.345495,139.529316
20363,原村,35.9644559,138.2177201
20382,辰野町,35.9825125,137.9874836
20383,箕輪町,35.9151342,137.9819444
20384,飯島町,35.676737,137.9196802
20385,南箕輪村,35.8729002,137.9750241
20386,中川村,35.6345367,137.9460578
20388,宮田村,35.7689044,137.9443071
20402,松川町,35.5972917,137.9095669
20403,高森町,32.8272786,131.1220109
20404,阿南町,35.3236404,137.8160553
20406,清内路村,35.4903917,137.703957
20407,阿智村,35.4437685,137.7475047
20409,平谷村,35.3232356,137.6300298
20410,根羽村,35.2530774,137.5812605
20411,下条村,35.3974139,137.7860511
20412,売木村,35.27108800000001,137.7111217
20413,天龍村,35.276227,137.85414
20414,泰阜村,35.3775229,137.8460147
20415,喬木村,35.5136822,137.8736999
20416,豊丘村,35.5514389,137.8959746
20417,大鹿村,35.5782224,138.0340168
20422,上松町,35.7840761,137.6940687
20423,南木曽町,35.6037561,137.6090163
20425,木祖村,35.936437,137.7833014
20429,王滝村,35.8093945,137.5509691
20430,大桑村,35.6829108,137.6649184
20432,木曽町,35.8424306,137.691508
20446,麻績村,36.4560887,138.0452894
20448,生坂村,36.4252475,137.9273829
20449,波田町,34.6323121,131.9385454
20450,山形村,36.16802759999999,137.8791553
20451,朝日村,36.1235502,137.8661332
20452,筑北村,36.4263749,138.0151928
20481,池田町,35.8904722,136.3439071
20482,松川村,36.4240757,137.8544976
20485,白馬村,36.6981801,137.8618501
20486,小谷村,36.7790671,137.9084048
20521,坂城町,36.4618198,138.1801064
20541,小布施町,36.6974919,138.3120375
20543,高山村,36.6797676,138.3632554
20561,山ノ内町,36.7446337,138.4125962
20562,木島平村,36.858406,138.4068295
20563,野沢温泉村,36.9229021,138.4406411
20581,信州新町,36.5404021,138.0067887
20583,信濃町,35.68009,139.720243
20588,小川村,36.617271,137.9747243
20589,中条村,34.3096,105.106125
20590,飯綱町,36.7631851,138.2548091
20602,栄村,36.9875141,138.5770691
21000,岐阜県,35.3912272,136.7222906
21201,岐阜市,35.4232984,136.7606537
21202,大垣市,35.3593842,136.6127502
21203,高山市,36.1461236,137.2521729
21204,多治見市,35.3328,137.1320765
21205,関市,35.495738,136.9178419
21206,中津川市,35.4875479,137.5005092
21207,美濃市,35.5447697,136.9075396
21208,瑞浪市,35.3617124,137.2545866
21209,羽島市,35.31991,136.7033494
21210,恵那市,35.449314,137.4128083
21211,美濃加茂市,35.4402422,137.0156644
21212,土岐市,35.3525002,137.183202
21213,各務原市,35.3988691,136.8482643
21214,可児市,35.4261208,137.0610107
21215,山県市,35.5061094,136.7813716
21216,瑞穂市,35.4040939,136.6497738
21217,飛騨市,36.2381244,137.186317
21218,本巣市,35.4830469,136.6787656
21219,郡上市,35.7485771,136.9643543
21220,下呂市,35.8058817,137.2441002
21221,海津市,35.2204924,136.6366621
21302,岐南町,35.3896444,136.7825334
21303,笠松町,35.3671997,136.763167
21341,養老町,35.3083326,136.5615551
21361,垂井町,35.3702535,136.5271017
21362,関ケ原町,35.3655173,136.4669821
21381,神戸町,35.4173682,136.6084587
21382,輪之内町,35.2851076,136.6374353
21383,安八町,35.3353906,136.6654092
21401,揖斐川町,35.4873089,136.5686527
21403,大野町,34.935555,136.827461
21404,池田町,35.8904722,136.3439071
21421,北方町,35.4369484,136.6859668
21501,坂祝町,35.4266621,136.9854591
21502,富加町,35.484883,136.9798235
21503,川辺町,35.4865788,137.0706082
21504,七宗町,35.5437236,137.1198325
21505,八百津町,35.4759518,137.141502
21506,白川町,35.581859,137.1878238
21507,東白川村,35.6425611,137.323751
21521,御嵩町,35.43424540000001,137.1307903
21604,白川村,36.2708062,136.8984783
22000,静岡県,34.9771201,138.3830845
22100,静岡市,34.975562,138.3827596
22130,浜松市,34.7108344,137.7261258
22203,沼津市,35.0955842,138.8634925
22205,熱海市,35.0959986,139.0715325
22206,三島市,37.4703688,139.6444466
22207,富士宮市,35.2220541,138.6216428
22208,伊東市,34.9656705,139.1019363
22209,島田市,34.8363636,138.1759966
22210,富士市,35.1613985,138.6762728
22211,磐田市,34.71790350000001,137.8515133
22212,焼津市,34.8669202,138.3231893
22213,掛川市,34.7687667,137.998168
22214,藤枝市,34.8673673,138.2574584
22215,御殿場市,35.3085842,138.9345062
22216,袋井市,34.7501735,137.9246792
22219,下田市,34.6795334,138.945316
22220,裾野市,35.1738825,138.9067292
22221,湖西市,34.71846550000001,137.5316257
22222,伊豆市,34.9765857,138.946704
22223,御前崎市,34.6379866,138.1281269
22224,菊川市,34.7577461,138.0845816
22225,伊豆の国市,35.0277354,138.9289209
22226,牧之原市,34.7400427,138.2246522
22301,東伊豆町,34.7728354,139.0413109
22302,河津町,34.7570325,138.9875377
22304,南伊豆町,34.6510915,138.8585273
22305,松崎町,34.7527688,138.7787261
22306,西伊豆町,34.7716761,138.7753562
22325,函南町,35.0889727,138.9533659
22341,清水町,43.0113563,142.8845401
22342,長泉町,35.1376702,138.8971778
22344,小山町,35.3601074,138.9872985
22361,芝川町,35.1434327,139.1024563
22401,岡部町,34.9256466,138.2902898
22424,吉田町,34.7708696,138.2519931
22429,川根本町,35.0468333,138.0816946
22461,森町,42.1047951,140.5763236
22503,新居町,34.694178,137.568667
23000,愛知県,35.1801883,136.9065647
23100,名古屋市,35.1814464,136.906398
23201,豊橋市,34.7691995,137.3914662
23202,岡崎市,34.9543786,137.1743293
23203,一宮市,35.3727926,140.3687371
23204,瀬戸市,35.2236135,137.0841713
23205,半田市,34.8926595,136.937811
23206,春日井市,35.247611,136.9722236
23207,豊川市,34.8268506,137.3755423
23208,津島市,35.1770291,136.7412138
23209,碧南市,34.8848038,136.9933755
23210,刈谷市,34.9892245,137.0021069
23211,豊田市,35.0823947,137.1562491
23212,安城市,34.9586414,137.080297
23213,西尾市,34.8619367,137.0618498
23214,蒲郡市,34.8265004,137.2195158
23215,犬山市,35.3786067,136.9445638
23216,常滑市,34.8867002,136.8323973
23217,江南市,33.5641705,133.7004882
23219,小牧市,35.2903104,136.9109515
23220,稲沢市,35.2481321,136.780202
23221,新城市,34.8992291,137.4984758
23222,東海市,35.0228426,136.90253
23223,大府市,35.01165659999999,136.9638347
23224,知多市,34.9965332,136.8647553
23225,知立市,35.0012715,137.0507493
23226,尾張旭市,35.2165127,137.0353957
23227,高浜市,35.4904281,135.5509901
23228,岩倉市,35.2795027,136.8714306
23229,豊明市,35.0536877,137.0129968
23230,日進市,35.1320154,137.0394117
23231,田原市,34.6688056,137.2642033
23232,愛西市,35.1527851,136.7282551
23233,清須市,35.2033806,136.8655213
23234,北名古屋市,35.2456681,136.8660083
23235,弥富市,35.1100184,136.7247393
23302,東郷町,35.0967482,137.0525529
23304,長久手町,35.1900436,137.0413889
23342,豊山町,35.2504742,136.9120059
23345,春日町,34.978443,138.400905
23361,大口町,35.3324357,136.9076695
23362,扶桑町,35.3591401,136.9130789
23421,七宝町,35.18503219999999,136.7970057
23422,美和町,35.1009436,137.1934297
23423,甚目寺町,35.1963237,136.8291246
23424,大治町,35.1750781,136.8200949
23425,蟹江町,35.1323305,136.7867455
23427,飛島村,35.0788481,136.7910782
23441,阿久比町,34.932611,136.9155538
23442,東浦町,34.9770943,136.9656216
23445,南知多町,34.7151665,136.9299698
23446,美浜町,34.7788148,136.9082366
23447,武豊町,34.8511342,136.9148034
23481,一色町,35.2631866,139.5807747
23482,吉良町,35.1388003,136.8613178
23483,幡豆町,34.789918,137.1445532
23501,幸田町,34.8644416,137.165617
23521,三好町,36.391746,138.235352
23561,設楽町,35.0972189,137.5714447
23562,東栄町,35.0769394,137.6978368
23563,豊根村,35.1467376,137.7196997
23603,小坂井町,34.7993747,137.3625422
24000,三重県,34.7302829,136.5085883
24201,津市,29.60548,111.877499
24202,四日市市,34.9651567,136.6244847
24203,伊勢市,34.48751439999999,136.7093359
24204,松阪市,34.5779931,136.5275927
24205,桑名市,35.0622161,136.683803
24207,鈴鹿市,34.8818796,136.5842092
24208,名張市,34.6276593,136.1082959
24209,尾鷲市,34.0707989,136.1909953
24210,亀山市,34.8557554,136.4516451
24211,鳥羽市,34.481435,136.8433615
24212,熊野市,34.3357363,132.5846371
24214,いなべ市,35.1157006,136.5614711
24215,志摩市,34.3281595,136.8296906
24216,伊賀市,34.7685953,136.1299103
24303,木曽岬町,35.0758246,136.7309561
24324,東員町,35.0742567,136.5835785
24341,菰野町,35.02006780000001,136.5073436
24343,朝日町,35.0342098,136.664352
24344,川越町,35.0230086,136.6738654
24441,多気町,34.4961531,136.546146
24442,明和町,36.2112997,139.5342444
24443,大台町,34.3933873,136.4078751
24461,玉城町,34.4902784,136.6309287
24470,度会町,34.4389225,136.6224659
24471,大紀町,34.3580446,136.4157919
24472,南伊勢町,34.3520954,136.7036886
24543,紀北町,34.2115334,136.3373131
24561,御浜町,33.8144776,136.048724
24562,紀宝町,33.7337731,136.0096703
25000,滋賀県,35.0045306,135.8685899
25201,大津市,32.8789898,130.8682229
25202,彦根市,35.274461,136.2596226
25203,長浜市,35.3814922,136.2754832
25204,近江八幡市,35.1283386,136.0979067
25206,草津市,36.6207784,138.5960529
25207,守山市,35.2033349,136.9763137
25208,栗東市,35.0216168,135.9979959
25209,甲賀市,34.9661392,136.167092
25210,野洲市,35.0674538,136.0258504
25211,湖南市,35.0041503,136.0846787
25212,高島市,35.3530713,136.0358297
25213,東近江市,35.1124558,136.2077649
25214,米原市,35.3615849,136.370192
25381,安土町,34.9969238,135.7663269
25383,日野町,35.2407912,133.4427861
25384,竜王町,35.0608029,136.124535
25425,愛荘町,35.1689395,136.2123671
25441,豊郷町,35.2003431,136.2298933
25442,甲良町,35.2041186,136.2612051
25443,多賀町,35.2219957,136.2920489
25482,虎姫町,35.4225811,136.2608108
25483,湖北町,35.4335652,136.2335515
25501,高月町,35.3650839,137.2449125
25502,木之本町,34.4982554,135.8142047
25503,余呉町,35.6171976,136.2396022
25504,西浅井町,34.8918139,137.0997201
26000,京都府,35.0212466,135.7555968
26100,京都市,35.0116363,135.7680294
26201,福知山市,35.2967,135.1265628
26202,舞鶴市,35.4747971,135.3859918
26203,綾部市,35.2989163,135.258812
26204,宇治市,34.8844606,135.7998544
26205,宮津市,35.5355767,135.1955665
26206,亀岡市,35.0134082,135.5736091
26207,城陽市,34.8530082,135.7799739
26208,向日市,34.9487356,135.698288
26209,長岡京市,34.926771,135.6957852
26210,八幡市,34.8755551,135.7076209
26211,京田辺市,34.8144589,135.7676947
26212,京丹後市,35.6241658,135.0610001
26213,南丹市,35.1073741,135.4702596
26214,木津川市,34.7371622,135.8201167
26303,大山崎町,34.9028063,135.6884756
26322,久御山町,34.8814997,135.7326073
26343,井手町,34.79840799999999,135.8033058
26344,宇治田原町,34.8526703,135.8568554
26364,笠置町,34.7604497,135.9393662
26365,和束町,34.7957098,135.9048804
26366,精華町,34.7608556,135.785833
26367,南山城村,34.7727889,135.9935371
26407,京丹波町,35.164362,135.4230547
26463,伊根町,35.6751459,135.2726392
26465,与謝野町,35.5653085,135.1528414
27000,大阪府,34.6862971,135.5196609
27100,大阪市,34.6937378,135.5021651
27140,堺市,34.573262,135.482998
27202,岸和田市,34.4606341,135.3708291
27203,豊中市,34.7812658,135.4697387
27204,池田市,35.8904722,136.3439071
27205,吹田市,34.7594526,135.51686
27206,泉大津市,34.5042794,135.4104641
27207,高槻市,34.8461585,135.6172716
27208,貝塚市,34.4375837,135.358517
27209,守口市,34.7376953,135.5639036
27210,枚方市,34.8143402,135.6506583
27211,茨木市,34.8163384,135.5685046
27212,八尾市,34.6268635,135.6009775
27213,泉佐野市,34.4068477,135.3273374
27214,富田林市,34.49952740000001,135.5971277
27215,寝屋川市,34.7660929,135.6280998
27216,河内長野市,34.4580844,135.5642257
27217,松原市,34.5778791,135.5518501
27218,大東市,34.7120153,135.6236594
27219,和泉市,34.483527,135.4235574
27220,箕面市,34.8269301,135.4704626
27221,柏原市,34.5793052,135.6286422
27222,羽曳野市,34.5580348,135.6062119
27223,門真市,34.7395423,135.5868904
27224,摂津市,34.78667900000001,135.553885
27225,高石市,34.5207172,135.4424524
27226,藤井寺市,34.5742772,135.5974737
27227,東大阪市,34.6793301,135.6010123
27228,泉南市,34.3660047,135.2733393
27229,四条畷市,34.7399405,135.6395329
27230,交野市,34.7879438,135.6799533
27231,大阪狭山市,34.5037954,135.5556927
27232,阪南市,34.3595827,135.2396697
27301,島本町,34.8839247,135.66297
27321,豊能町,34.9189477,135.4941736
27322,能勢町,34.9725505,135.4142742
27341,忠岡町,34.48709280000001,135.4013233
27361,熊取町,34.4012825,135.355785
27362,田尻町,34.393774,135.2911735
27366,岬町,34.3169776,135.1421389
27381,太子町,34.5186816,135.6476613
27382,河南町,34.4916369,135.6296993
27383,千早赤阪村,34.4645872,135.6225367
28000,兵庫県,34.6912688,135.1830706
28100,神戸市,35.4173682,136.6084587
28201,姫路市,34.815149,134.6853528
28202,尼崎市,34.7337339,135.4063757
28203,明石市,34.6431066,134.9971787
28204,西宮市,34.7375965,135.3415643
28205,洲本市,34.3424262,134.8956197
28206,芦屋市,33.8938005,130.6638959
28207,伊丹市,34.78430609999999,135.4009473
28208,相生市,34.8036006,134.4680664
28209,豊岡市,35.5445754,134.8201814
28210,加古川市,34.7569503,134.8411775
28212,赤穂市,34.7549564,134.3902842
28213,西脇市,34.9933552,134.9691886
28214,宝塚市,34.7997673,135.3600729
28215,三木市,34.2682843,134.1342933
28216,高砂市,34.7662013,134.7904417
28217,川西市,34.5843941,135.7740381
28218,小野市,34.853193,134.9313762
28219,三田市,34.8895543,135.225309
28220,加西市,34.9279363,134.8416219
28221,篠山市,35.0756607,135.2190508
28222,養父市,35.4046571,134.767671
28223,丹波市,35.1771001,135.0358536
28224,南あわじ市,34.2957739,134.779125
28225,朝来市,35.3396654,134.8531501
28226,淡路市,34.4396987,134.9150157
28227,宍粟市,35.004417,134.5494659
28228,加東市,34.9173483,134.9732896
28229,たつの市,34.8578626,134.5453598
28301,猪名川町,34.8950369,135.376162
28365,多可町,35.0503348,134.9232754
28381,稲美町,34.7488072,134.913551
28382,播磨町,34.716563,134.8681
28442,市川町,34.9893678,134.7633166
28443,福崎町,34.9503019,134.760248
28446,神河町,35.0642263,134.7398307
28464,太子町,34.5186816,135.6476613
28481,上郡町,34.8735631,134.3560976
28501,佐用町,35.0043456,134.3557344
28585,香美町,35.6321859,134.6291781
28586,新温泉町,35.6234812,134.4489388
29000,奈良県,34.6853345,135.8327421
29201,奈良市,34.6850869,135.8050002
29202,大和高田市,34.5150463,135.736392
29203,大和郡山市,34.6493738,135.7827554
29204,天理市,34.596647,135.8373313
29205,橿原市,34.5094478,135.792626
29206,櫻井市,34.5187142,135.8432157
29207,五條市,34.3520304,135.6936323
29208,御所市,34.4633305,135.7402402
29209,生駒市,34.6919598,135.7005364
29210,香芝市,34.5412561,135.6989368
29211,葛城市,34.5111186,135.7069169
29212,宇陀市,34.5280289,135.9522692
29322,山添村,34.6812803,136.0437996
29342,平群町,34.6291738,135.7006542
29343,三郷町,34.6001378,135.6955245
29344,斑鳩町,34.6088487,135.7305908
29345,安堵町,34.6064797,135.7567809
29361,川西町,34.5843941,135.7740381
29362,三宅町,34.5736979,135.7731439
29363,田原本町,34.5566006,135.7948756
29385,曽爾村,34.510647,136.1244777
29386,御杖村,34.4883891,136.1659156
29401,高取町,34.4495134,135.7931748
29402,明日香村,34.47127820000001,135.8206411
29424,上牧町,34.5627485,135.7166291
29425,王寺町,34.5947249,135.7065514
29426,広陵町,34.5427844,135.750835
29427,河合町,34.5784717,135.7366715
29441,吉野町,35.435489,139.618455
29442,大淀町,34.3905616,135.7897157
29443,下市町,34.3609812,135.7918579
29444,黒滝村,34.3093069,135.8521422
29446,天川村,34.2419093,135.8551494
29447,野迫川村,34.1662571,135.6330634
29449,十津川村,33.9884952,135.7924151
29450,下北山村,34.0050378,135.9551666
29451,上北山村,34.1343216,135.9999884
29452,川上村,34.3381073,135.9543248
29453,東吉野村,34.4035822,135.9683649
30000,和歌山県,34.2259867,135.1675086
30201,和歌山市,34.2305113,135.1708083
30202,海南市,34.1553356,135.2092226
30203,橋本市,34.3150526,135.6052962
30204,有田市,33.2105634,129.8492171
30205,御坊市,33.8914924,135.1523464
30206,田辺市,33.7280335,135.377768
30207,新宮市,33.7152952,130.4465663
30208,紀の川市,34.2698603,135.3627568
30209,岩出市,34.2562947,135.3113232
30304,紀美野町,34.1672248,135.307489
30341,かつらぎ町,34.2963955,135.5038362
30343,九度山町,34.2871694,135.5622452
30344,高野町,34.2160686,135.5865362
30361,湯浅町,34.0330596,135.1785893
30362,広川町,34.0300321,135.1729926
30366,有田川町,34.0653217,135.2544316
30381,美浜町,34.7788148,136.9082366
30382,日高町,42.4802901,142.0743976
30383,由良町,33.9592232,135.1183485
30390,印南町,33.8183672,135.2182475
30391,みなべ町,33.7723244,135.3214424
30392,日高川町,33.9117826,135.1858746
30401,白浜町,33.6781645,135.3481343
30404,上富田町,33.6963661,135.4288301
30406,すさみ町,33.5501509,135.4966399
30421,那智勝浦町,33.6259495,135.9410666
30422,太地町,33.594031,135.9439617
30424,古座川町,33.5318395,135.8148018
30427,北山村,33.9320965,135.9692071
30428,串本町,33.47247,135.7814983
31000,鳥取県,35.5038906,134.2377356
31201,鳥取市,35.5011326,134.2350914
31202,米子市,35.4280717,133.3309447
31203,倉吉市,35.4301794,133.825561
31204,境港市,35.5395916,133.2314862
31302,岩美町,35.5759927,134.3320897
31325,若桜町,35.3401697,134.4009971
31328,智頭町,35.2650504,134.2266122
31329,八頭町,35.4092073,134.2505262
31364,三朝町,35.4085079,133.8623058
31370,湯梨浜町,35.4899593,133.8647814
31371,琴浦町,35.495398,133.6932784
31372,北栄町,35.4900301,133.7583551
31384,日吉津村,35.4402073,133.3807884
31386,大山町,35.5107369,133.4961145
31389,南部町,35.370784,133.3618914
31390,伯耆町,35.385333,133.4071644
31401,日南町,35.1632942,133.3062333
31402,日野町,35.2407912,133.4427861
31403,江府町,35.2831872,133.4885614
32000,島根県,35.4722952,133.0504997
32201,松江市,35.4680595,133.048375
32202,浜田市,34.8993025,132.0797833
32203,出雲市,35.3670351,132.7546815
32204,益田市,34.6748172,131.842862
32205,大田市,35.5612568,139.7160511
32206,安来市,35.4314422,133.2509151
32207,江津市,35.0114175,132.2209303
32209,雲南市,35.2877894,132.9005027
32304,東出雲町,35.4284799,133.1138579
32343,奥出雲町,35.1974295,133.0025429
32386,飯南町,35.0000347,132.7138741
32401,斐川町,35.346834,132.8557081
32441,川本町,34.9941447,132.4954958
32448,美郷町,35.0766904,132.5905591
32449,邑南町,34.8939634,132.4379699
32501,津和野町,34.4671853,131.7731661
32505,吉賀町,34.4420937,131.8678972
32525,海士町,36.0965713,133.0967089
32526,西ノ島町,36.0930267,132.9944224
32527,知夫村,36.0139287,133.0393856
32528,隠岐の島町,36.20901360000001,133.3217697
33000,岡山県,34.6617511,133.9344057
33201,岡山市,34.6551456,133.9195019
33202,倉敷市,34.5850134,133.7720841
33203,津山市,35.0691155,134.0045428
33204,玉野市,34.4919434,133.945987
33205,笠岡市,34.5071797,133.5074409
33207,井原市,34.5976718,133.4636814
33208,総社市,34.6728073,133.7465284
33209,高梁市,34.7912976,133.6164881
33210,新見市,34.9770301,133.4703064
33211,備前市,34.7451595,134.1880436
33212,瀬戸内市,34.6648872,134.0928459
33213,赤磐市,34.7553875,134.0188399
33214,真庭市,35.0756019,133.75273
33215,美作市,35.0085882,134.1485722
33216,浅口市,34.5278392,133.5849216
33346,和気町,34.8497294,134.0979231
33423,早島町,34.6007021,133.8283536
33445,里庄町,34.5137903,133.5568658
33461,矢掛町,34.62759320000001,133.5870853
33586,新庄村,35.1794575,133.5677343
33606,鏡野町,35.0918333,133.9327986
33622,勝央町,35.0418399,134.1161826
33623,奈義町,35.12302409999999,134.1774247
33643,西粟倉村,35.1713307,134.3362728
33663,久米南町,34.9292455,133.9606871
33666,美咲町,34.997953,133.958163
33681,吉備中央町,34.8609653,133.8118064
34000,広島県,34.3965603,132.4596225
34100,広島市,34.3852029,132.4552927
34202,呉市,34.2492541,132.5658045
34203,竹原市,34.3417943,132.9070883
34204,三原市,34.3974332,133.0786576
34205,尾道市,34.4088756,133.2048886
34207,福山市,34.4858993,133.3623127
34208,府中市,34.3924864,132.5045797
34209,三次市,34.8056516,132.8518406
34210,庄原市,34.8577316,133.0172775
34211,大竹市,34.2379773,132.2224752
34212,東広島市,34.4263804,132.7433068
34213,廿日市市,34.3482578,132.331622
34214,安芸高田市,34.66630749999999,132.7042987
34215,江田島市,34.2230022,132.4438548
34302,府中町,34.3924864,132.5045797
34304,海田町,34.3721644,132.5360886
34307,熊野町,34.3357363,132.5846371
34309,坂町,38.120358,139.447063
34368,安芸太田町,34.5767445,132.2271409
34369,北広島町,34.6745579,132.5384161
34431,大崎上島町,34.2696327,132.9150861
34462,世羅町,34.5868282,133.0566512
34545,神石高原町,34.7036614,133.2476523
35000,山口県,34.1859563,131.4706493
35201,下関市,33.9578307,130.941459
35202,宇部市,33.9515087,131.2467858
35203,山口市,34.178496,131.4737269
35204,萩市,34.4081155,131.3990849
35206,防府市,34.0517516,131.56269
35207,下松市,34.0150299,131.8703421
35208,岩国市,34.1665616,132.2188479
35210,光市,33.9619132,131.9422817
35211,長門市,34.3709562,131.1821947
35212,柳井市,33.9638333,132.1015969
35213,美祢市,34.1666354,131.2056781
35215,周南市,34.0551188,131.8061858
35216,山陽小野田市,34.0030636,131.1819669
35305,周防大島町,33.9275948,132.1952342
35321,和木町,34.2024055,132.220408
35341,上関町,33.830976,132.1107426
35343,田布施町,33.9547026,132.0413731
35344,平生町,33.9379884,132.0730517
35502,阿武町,34.5033349,131.4713989
35504,阿東町,34.3850288,131.577151
36000,徳島県,34.0657179,134.5593601
36201,徳島市,34.0702703,134.5548438
36202,鳴門市,34.1725623,134.6087858
36203,小松島市,34.0047114,134.5906739
36204,阿南市,35.3236404,137.8160553
36205,吉野川市,34.0256886,134.2598331
36206,阿波市,34.0823621,134.2357787
36207,美馬市,34.0534034,134.1697495
36208,三好市,34.0260411,133.8072634
36301,勝浦町,33.9314084,134.5113563
36302,上勝町,33.8891621,134.4020515
36321,佐那河内村,33.9932081,134.4531218
36341,石井町,34.0746372,134.4407624
36342,神山町,33.9672908,134.3504607
36368,那賀町,33.8206258,134.4788303
36383,牟岐町,33.6684066,134.4205552
36387,美波町,33.7345532,134.5354438
36388,海陽町,33.6020293,134.3519967
36401,松茂町,34.1337682,134.5805563
36402,北島町,34.1255775,134.5469873
36403,藍住町,34.1265874,134.49509
36404,板野町,34.1443626,134.4626178
36405,上板町,34.1213844,134.4048157
36468,つるぎ町,34.0373349,134.0640736
36489,東みよし町,34.036783,133.936757
37000,香川県,34.3401491,134.0434436
37201,高松市,34.3427879,134.046574
37202,丸亀市,34.2895062,133.7977056
37203,坂出市,34.3163193,133.8605102
37204,善通寺市,34.2285327,133.7871132
37205,観音寺市,34.1274358,133.6615172
37206,さぬき市,34.325207,134.1721196
37207,東かがわ市,34.2438058,134.3588204
37208,三豊市,34.1825473,133.7152193
37322,土庄町,34.48602169999999,134.1858069
37324,小豆島町,34.4819984,134.2335955
37341,三木町,34.2682843,134.1342933
37364,直島町,34.4597032,133.9956894
37386,宇多津町,34.3102979,133.8255129
37387,綾川町,34.2496271,133.9230658
37403,琴平町,34.191417,133.8233027
37404,多度津町,34.2724879,133.7536048
37406,まんのう町,34.1923285,133.8414016
38000,愛媛県,33.8416238,132.7656808
38201,松山市,25.059166,121.558914
38202,今治市,34.0660979,132.99786
38203,宇和島市,33.2233404,132.5605575
38204,八幡浜市,33.4628979,132.4233362
38205,新居浜市,33.96028950000001,133.2833512
38206,西条市,33.9195105,133.1811697
38207,大洲市,33.5061936,132.5445085
38210,伊予市,33.7574293,132.7037292
38213,四国中央市,33.9807605,133.5491949
38214,西予市,33.36262,132.5109925
38215,東温市,33.7910237,132.8722962
38356,上島町,34.2573359,133.2045067
38386,久万高原町,33.6556056,132.901671
38401,松前町,41.43003650000001,140.1104346
38402,砥部町,33.7492625,132.7922278
38422,内子町,33.532902,132.6580066
38442,伊方町,33.4885738,132.354012
38484,松野町,33.2271893,132.7107986
38488,鬼北町,33.2558573,132.6841037
38506,愛南町,32.9621642,132.5833239
39000,高知県,33.5597062,133.5310786
39201,高知市,33.5588035,133.5311675
39202,室戸市,33.2900093,134.1520509
39203,安芸市,34.3717283,132.5254173
39204,南国市,33.5756706,133.6414597
39205,土佐市,33.7370635,133.5316748
39206,須崎市,33.400745,133.282953
39208,宿毛市,32.9390085,132.7262855
39209,土佐清水市,32.7816335,132.9549889
39210,四万十市,32.9913841,132.9337494
39211,香南市,33.5641705,133.7004882
39212,香美市,35.6321859,134.6291781
39301,東洋町,33.5279371,134.2799737
39302,奈半利町,33.4241813,134.0209521
39303,田野町,33.4277082,134.0082927
39304,安田町,33.4385701,133.9810742
39305,北川村,33.4476943,134.0420668
39306,馬路村,33.5553498,134.0481083
39307,芸西村,33.5269007,133.808914
39341,本山町,33.7571067,133.5914122
39344,大豊町,33.7642907,133.6642746
39363,土佐町,33.7370635,133.5316748
39364,大川村,33.7839263,133.4666081
39386,いの町,33.5487544,133.4277729
39387,仁淀川町,33.5752454,133.1685745
39401,中土佐町,33.3373463,133.1403612
39402,佐川町,33.5008691,133.2865301
39403,越知町,33.5329197,133.2519908
39405,檮原町,33.3922455,132.9269872
39410,日高村,33.5348966,133.3733529
39411,津野町,33.4465795,133.1994688
39412,四万十町,33.2083478,133.1355964
39424,大月町,32.8414815,132.7070259
39427,三原村,32.9060126,132.8472421
39428,黒潮町,33.0249301,133.0109196
40000,福岡県,33.6065756,130.418297
40100,北九州市,33.8834093,130.8752161
40130,福岡市,33.5903547,130.4017155
40202,大牟田市,33.0302622,130.4459852
40203,久留米市,33.3192865,130.5083735
40204,直方市,33.7441839,130.7296326
40205,飯塚市,33.6459075,130.6915113
40206,田川市,33.6389822,130.8062975
40207,柳川市,33.1630889,130.4057531
40210,八女市,33.2119674,130.5579082
40211,筑後市,33.2124469,130.5020928
40212,大川市,33.2065943,130.3839576
40213,行橋市,33.7287727,130.982967
40214,豊前市,33.6115108,131.130051
40215,中間市,33.81664980000001,130.7090769
40216,小郡市,33.3964164,130.5554383
40217,筑紫野市,33.4963423,130.5156572
40218,春日市,33.532571,130.4702806
40219,大野城市,33.536307,130.478641
40220,宗像市,33.8054314,130.5407182
40221,太宰府市,33.5127991,130.5239064
40222,前原市,37.8635581,140.6169215
40223,古賀市,33.7287865,130.4699872
40224,福津市,33.7868658,130.4698859
40225,うきは市,33.347297,130.7549338
40226,宮若市,33.7235676,130.6666936
40227,嘉麻市,33.560662,130.7668169
40228,朝倉市,33.4234125,130.665573
40229,みやま市,33.1524253,130.4747203
40305,那珂川町,36.7616607,140.1300723
40341,宇美町,33.5677786,130.5111124
40342,篠栗町,33.6239476,130.5262564
40343,志免町,33.5914727,130.479743
40344,須恵町,33.5872679,130.507254
40345,新宮町,33.7152952,130.4465663
40348,久山町,33.6468086,130.4998336
40349,粕屋町,33.6107427,130.4805229
40381,芦屋町,33.8938005,130.6638959
40382,水巻町,33.8547475,130.6948465
40383,岡垣町,33.8535993,130.6111041
40384,遠賀町,33.8481509,130.668438
40401,小竹町,33.6924997,130.7127713
40402,鞍手町,33.7922183,130.6739746
40421,桂川町,33.5789332,130.677904
40447,筑前町,33.4569767,130.5953002
40448,東峰村,33.4642922,130.8258916
40462,二丈町,33.5129581,130.1343741
40463,志摩町,33.5835266,130.1832967
40503,大刀洗町,33.37237229999999,130.6224802
40522,大木町,33.2104685,130.4397331
40541,黒木町,32.977135,130.0552492
40543,立花町,35.0637046,136.6742066
40544,広川町,34.0300321,135.1729926
40545,矢部村,35.4063087,139.5242013
40546,星野村,33.2500476,130.7623952
40601,香春町,33.6679329,130.8473353
40602,添田町,33.5718545,130.8539545
40604,糸田町,33.6527889,130.779091
40605,川崎町,38.1777367,140.6432024
40608,大任町,33.6124777,130.8537144
40609,赤村,33.6165917,130.8710352
40610,福智町,33.6832612,130.7801206
40621,苅田町,33.7759209,130.9805103
40625,みやこ町,33.6992615,130.9204013
40642,吉富町,33.6026429,131.1759479
40646,上毛町,33.5784079,131.164113
40647,築上町,33.6561123,131.0560626
41000,佐賀県,33.2494416,130.2997942
41201,佐賀市,33.263482,130.3008576
41202,唐津市,33.4501738,129.9681335
41203,鳥栖市,33.3777547,130.506258
41204,多久市,33.28851,130.1100606
41205,伊万里市,33.2645856,129.880269
41206,武雄市,33.1937487,130.0191505
41207,鹿島市,33.1037238,130.098769
41208,小城市,33.2736648,130.2168637
41209,嬉野市,33.1280839,130.0601144
41210,神埼市,33.3107627,130.3730603
41327,吉野ヶ里町,33.3516787,130.3983572
41341,基山町,33.4268521,130.5228128
41345,上峰町,33.319626,130.4261341
41346,みやき町,33.3249819,130.4546984
41387,玄海町,33.4721834,129.8746978
41401,有田町,33.2105634,129.8492171
41423,大町町,33.2137535,130.1160837
41424,江北町,33.2205924,130.1575277
41425,白石町,33.1810352,130.143496
41441,太良町,33.0194073,130.1789736
42000,長崎県,32.7448388,129.8737562
42201,長崎市,32.7502856,129.877667
42202,佐世保市,33.1799153,129.7151101
42203,島原市,32.7881027,130.370286
42204,諫早市,32.8434379,130.0530952
42205,大村市,32.9000901,129.9581416
42207,平戸市,33.3680618,129.5536713
42208,松浦市,33.3410206,129.7090447
42209,対馬市,34.2026624,129.2874904
42210,壱岐市,33.7499501,129.6913518
42211,五島市,32.6955241,128.8408292
42212,西海市,32.9330669,129.642977
42213,雲仙市,32.8351972,130.1874996
42214,南島原市,32.6597769,130.2978639
42307,長与町,32.8251889,129.8750453
42308,時津町,32.828888,129.8485357
42321,東彼杵町,33.0370255,129.9171493
42322,川棚町,33.0727762,129.8611896
42323,波佐見町,33.13789000000001,129.8955456
42383,小値賀町,33.1910805,129.0587493
42388,江迎町,33.3116825,130.4366142
42389,鹿町町,31.7596858,130.5742587
42391,佐々町,33.2383423,129.650345
42411,新上五島町,32.9846446,129.0733907
43000,熊本県,32.789827,130.7416672
43201,熊本市,32.8031004,130.7078911
43202,八代市,32.5074371,130.6017433
43203,人吉市,32.2100405,130.7625544
43204,荒尾市,32.9868355,130.4329585
43205,水俣市,32.21188,130.4087225
43206,玉名市,32.9282567,130.5595011
43208,山鹿市,33.0166917,130.6912507
43210,菊池市,32.9794831,130.8133329
43211,宇土市,32.6873847,130.6585213
43212,上天草市,32.5874193,130.4305268
43213,宇城市,32.647847,130.6843654
43214,阿蘇市,32.9519535,131.1209554
43215,天草市,32.4586347,130.1929825
43216,合志市,32.8859878,130.789707
43341,城南町,33.1597559,130.4029785
43348,美里町,35.0766904,132.5905591
43364,玉東町,32.9188997,130.6285431
43367,南関町,33.0616098,130.5411621
43368,長洲町,32.9296779,130.4528082
43369,和水町,32.9781056,130.6058348
43385,植木町,33.6040381,130.4894195
43403,大津町,35.369177,132.774474
43404,菊陽町,32.8625151,130.8286233
43423,南小国町,33.0982826,131.0708398
43424,小国町,38.0616273,139.7433643
43425,産山村,32.9957599,131.216781
43428,高森町,32.8272786,131.1220109
43432,西原村,32.8348253,130.90301
43433,南阿蘇村,32.8219819,131.0314376
43441,御船町,32.7146156,130.8018942
43442,嘉島町,32.7400759,130.7572591
43443,益城町,32.7914303,130.8163818
43444,甲佐町,32.6515994,130.8114655
43447,山都町,32.6858441,130.9858552
43468,氷川町,32.5825004,130.6737863
43482,芦北町,32.2989413,130.4929777
43484,津奈木町,32.2338416,130.4395826
43501,錦町,34.264761,131.962811
43505,多良木町,32.2639974,130.9357837
43506,湯前町,32.2762837,130.9809022
43507,水上村,32.3143423,131.0095459
43510,相良村,32.2352694,130.7980949
43511,五木村,32.3976487,130.8282246
43512,山江村,32.246806,130.7666753
43513,球磨村,32.2524308,130.6511626
43514,あさぎり町,32.2403158,130.8977933
43531,苓北町,32.5131926,130.0548041
44000,大分県,33.2381718,131.6126189
44201,大分市,33.2395578,131.609272
44202,別府市,33.28462,131.4912138
44203,中津市,33.5982211,131.1883247
44204,日田市,33.3213327,130.9409659
44205,佐伯市,34.3644457,132.3608398
44206,臼杵市,33.1260115,131.8051243
44207,津久見市,33.0721832,131.8612771
44208,竹田市,32.9737199,131.3980022
44209,豊後高田市,33.5572294,131.4446239
44210,杵築市,33.417026,131.6160889
44211,宇佐市,33.53197189999999,131.3495446
44212,豊後大野市,32.9775361,131.5841334
44213,由布市,33.1800131,131.4268555
44214,国東市,33.5653133,131.7316737
44322,姫島村,33.7245374,131.645139
44341,日出町,33.369443,131.5323869
44461,九重町,33.2285185,131.1887945
44462,玖珠町,33.2831321,131.1515498
45000,宮崎県,31.9110956,131.4238934
45201,宮崎市,31.9076736,131.4202411
45202,都城市,31.7195903,131.0616214
45203,延岡市,32.581964,131.6650816
45204,日南市,35.1632942,133.3062333
45205,小林市,31.9967312,130.9725875
45206,日向市,32.4229442,131.6239652
45207,串間市,31.4645389,131.2283032
45208,西都市,32.1085538,131.4012025
45209,えびの市,32.0453441,130.8107962
45301,清武町,31.8541584,131.3887389
45321,北郷町,38.0236376,140.106104
45322,南郷町,35.0142776,135.5800168
45341,三股町,31.7306856,131.124809
45361,高原町,31.9284633,131.0077507
45362,野尻町,36.8326346,138.2074571
45382,国富町,31.9906436,131.3235354
45383,綾町,31.9991326,131.2531874
45401,高鍋町,32.1279986,131.5033547
45402,新富町,32.0688677,131.4880171
45403,西米良村,32.2262324,131.1544762
45404,木城町,32.1639693,131.4735366
45405,川南町,32.1920706,131.5258684
45406,都農町,32.2562929,131.5595681
45421,門川町,32.4697925,131.6485891
45429,諸塚村,32.512387,131.3304046
45430,椎葉村,32.4673253,131.1581176
45431,美郷町,35.0766904,132.5905591
45441,高千穂町,32.71169,131.3077866
45442,日之影町,32.6538161,131.3881459
45443,五ケ瀬町,32.6830197,131.1963788
46000,鹿児島県,31.5601464,130.5579779
46201,鹿児島市,31.5965535,130.5571158
46203,鹿屋市,31.3782921,130.8520774
46204,枕崎市,31.2729002,130.2969045
46206,阿久根市,32.0144696,130.1927734
46208,出水市,32.090572,130.3527529
46210,指宿市,31.2527702,130.6330314
46213,西之表市,30.7324118,130.9968353
46214,垂水市,31.4927344,130.7009143
46215,薩摩川内市,31.8135171,130.3042445
46216,日置市,31.6337085,130.4024246
46217,曽於市,31.65362099999999,131.0193906
46218,霧島市,31.74102659999999,130.7631335
46219,いちき串木野市,31.7145528,130.2719288
46220,南さつま市,31.4166121,130.3234075
46221,志布志市,31.495442,131.045336
46222,奄美市,28.3772482,129.4937408
46223,南九州市,31.3782621,130.4416449
46224,伊佐市,32.0572252,130.6131048
46303,三島村,30.7921704,130.3037572
46304,十島村,29.8375977,129.8681983
46392,さつま町,31.9062759,130.4551513
46404,長島町,32.1993745,130.1768326
46441,加治木町,31.7794119,130.6586925
46442,姶良町,32.0178034,130.7430923
46443,蒲生町,35.1690311,135.4220325
46452,湧水町,31.95158,130.7209244
46468,大崎町,31.4292005,131.0058651
46482,東串良町,31.3855168,130.9734947
46490,錦江町,31.2435663,130.7875955
46491,南大隅町,31.2172629,130.7680976
46492,肝付町,31.3442562,130.9450785
46501,中種子町,30.5328223,130.9588497
46502,南種子町,30.4140711,130.90086
46505,屋久島町,30.371299,130.666468
46523,大和村,28.3580889,129.3952632
46524,宇検村,28.2807313,129.2970923
46525,瀬戸内町,28.1464019,129.3149018
46527,龍郷町,28.4132971,129.5893509
46529,喜界町,28.316836,129.9400319
46530,徳之島町,27.7265923,129.018669
46531,天城町,27.8117819,128.8977017
46532,伊仙町,27.6735474,128.9377953
46533,和泊町,27.392287,128.655475
46534,知名町,27.3336755,128.5737302
46535,与論町,27.0485267,128.4148322
47000,沖縄県,26.2124013,127.6809317
47201,那覇市,26.2123124,127.6791568
47205,宜野湾市,26.2815751,127.7786343
47207,石垣市,24.3406606,124.1555804
47208,浦添市,26.2458164,127.7217987
47209,名護市,26.5915465,127.9773162
47210,糸満市,26.1235841,127.6658145
47211,沖縄市,26.3344266,127.8055832
47212,豊見城市,26.1610061,127.668944
47213,うるま市,26.4270624,127.8290812
47214,宮古島市,24.80549,125.2811486
47215,南城市,26.1444519,127.7669666
47301,国頭村,26.745635,128.1779073
47302,大宜味村,26.7017076,128.1201635
47303,東村,26.6333093,128.1569115
47306,今帰仁村,26.6825769,127.9726275
47308,本部町,26.6580794,127.8981892
47311,恩納村,26.4974995,127.8535573
47313,宜野座村,26.4816587,127.9755894
47314,金武町,26.4561262,127.9259364
47315,伊江村,26.7134822,127.8070699
47324,読谷村,26.3960554,127.7442772
47325,嘉手納町,26.3616618,127.755322
47326,北谷町,26.3201191,127.7637755
47327,北中城村,26.3011098,127.7931492
47328,中城村,26.2673794,127.7911255
47329,西原町,26.2260804,127.7653935
47348,与那原町,26.1995771,127.754768
47350,南風原町,26.1911191,127.7285514
47353,渡嘉敷村,26.1973433,127.364286
47354,座間味村,26.2288917,127.3031566
47355,粟国村,26.5823695,127.2271869
47356,渡名喜村,26.3720613,127.1410214
47357,南大東村,25.8286844,131.2320154
47358,北大東村,25.9459514,131.2989939
47359,伊平屋村,27.0390544,127.968666
47360,伊是名村,26.9283631,127.9412093
47361,久米島町,26.3490331,126.7472481
47362,八重瀬町,26.1217446,127.7425304
47375,多良間村,24.6693965,124.7016677
47381,竹富町,24.286667,123.881667
47382,与那国町,24.4679685,123.0044532